										0x60F80121C31A0d46B5279700f9DF786054aa5eE5											
										0x60F80121C31A0d46B5279700f9DF786054aa5eE5											
										0x60F80121C31A0d46B5279700f9DF786054aa5eE5											
										0x6fc2DEd385E6f848F614b729ADA686772f90E514											
										0x6fc2DEd385E6f848F614b729ADA686772f90E514											
										0x6fc2DEd385E6f848F614b729ADA686772f90E514											
										0x568217aF198e51A6761B303AC6FF3E5787891B1c											
										0xE7AFb4189603A901b74f8085F775931A60996166											
										0xE7AFb4189603A901b74f8085F775931A60996166											
										0xE7AFb4189603A901b74f8085F775931A60996166											
"↜Warrior↝
"			000000							0x9b1aa69fe9FCa10Aa41250BBA054AABd92ABa5B6	ipfs://QmNNrhb8e1hy5KyYSemUWeRXBd783fC7LehzT5beHQqp3n		https://ethernal.world/?art=6			max_value,trait_type,display_type,value					↜Warrior↝ 1/20
Hello from			000000							0x9b1aa69fe9FCa10Aa41250BBA054AABd92ABa5B6	ipfs://QmaeUYhA59CxTvhfAvcheqmsavudHGWdtjXZJWTWvEwfK5		https://ethernal.world/?art=1			max_value,trait_type,display_type,value					「the entrance」 14/20
"ΔYa-shaΔ
夜"			000000							0x9b1aa69fe9FCa10Aa41250BBA054AABd92ABa5B6	ipfs://QmUrnQtvXuwPXZb1DWbAbMc3eLDW4Pjd7EuXqKyaGroGj5		https://ethernal.world/?art=7			max_value,trait_type,display_type,value					ΔYa-shaΔ 12/20
Broadcaste										0x61598E2e6B012293CB6012b055ad77aA020e0206	https://bcsnft.s3.us-east-2.amazonaws.com/images-618dc2bf60b15/1001.png					value,trait_type					Broadcaster #1001
Broadcaste										0x61598E2e6B012293CB6012b055ad77aA020e0206	https://bcsnft.s3.us-east-2.amazonaws.com/images-618dc2bf60b15/1014.png					value,trait_type					Broadcaster #1014
Broadcaste										0x61598E2e6B012293CB6012b055ad77aA020e0206	https://bcsnft.s3.us-east-2.amazonaws.com/images-618dc2bf60b15/1037.png					value,trait_type					Broadcaster #1037
										0x48815195915Efb73CEeE2dd0f7CAC2FC3e603177											
										0x48815195915Efb73CEeE2dd0f7CAC2FC3e603177											
										0x76BE3b62873462d2142405439777e971754E8E77											
										0x76BE3b62873462d2142405439777e971754E8E77											
										0x76BE3b62873462d2142405439777e971754E8E77											
										0xE885d519025348e30174A218BE3e3E4754222860											
										0xE885d519025348e30174A218BE3e3E4754222860											
										0xE885d519025348e30174A218BE3e3E4754222860											
Angry Boar										0xA66CC78067fd1E6Aa3eEC4CcdFF88D81527F92c1	https://storage.googleapis.com/angry-boars/images/1001.png					value,trait_type					Angry Boar #1001
Angry Boar										0xA66CC78067fd1E6Aa3eEC4CcdFF88D81527F92c1	https://storage.googleapis.com/angry-boars/images/1008.png					value,trait_type					Angry Boar #1008
Angry Boar										0xA66CC78067fd1E6Aa3eEC4CcdFF88D81527F92c1	https://storage.googleapis.com/angry-boars/images/1021.png					value,trait_type					Angry Boar #1021
Legendary 										0xa342f5D851E866E18ff98F351f2c6637f4478dB5	ipfs://bafybeig7qq2sfty723iggir6iqgcr7p6awswzun2lyamb7bjazgdphw2ja/wings-of-salvation-shield.png	ipfs://bafybeig7qq2sfty723iggir6iqgcr7p6awswzun2lyamb7bjazgdphw2ja/wings-of-salvation-shield.gltf	https://www.sandbox.game/en/assets/wings-of-salvation-shield/36c46879-2e0f-4386-8b67-f68a8a66cb29/							{'version': 2, 'creator': '0xddc9b03b9a20e8820a9df7782f0773f850722e39', 'classification': {'type': 'Equipment', 'theme': 'None', 'categories': ['Magic', 'Medieval', 'Fantasy']}, 'voxel_model': 'ipfs://bafybeig7qq2sfty723iggir6iqgcr7p6awswzun2lyamb7bjazgdphw2ja/wings-of-salvation-shield.vxc', 'creator_profile_url': 'https://www.sandbox.game/en/users/orinox/2a3c52e5-b8e0-4a29-abb7-f0be1730f1ab/'}	Wings of Salvation Shield
Legendary 										0xa342f5D851E866E18ff98F351f2c6637f4478dB5	ipfs://bafybeig7qq2sfty723iggir6iqgcr7p6awswzun2lyamb7bjazgdphw2ja/wings-of-salvation-shield.png	ipfs://bafybeig7qq2sfty723iggir6iqgcr7p6awswzun2lyamb7bjazgdphw2ja/wings-of-salvation-shield.gltf	https://www.sandbox.game/en/assets/wings-of-salvation-shield/36c46879-2e0f-4386-8b67-f68a8a66cb29/							{'version': 2, 'creator': '0xddc9b03b9a20e8820a9df7782f0773f850722e39', 'classification': {'type': 'Equipment', 'theme': 'None', 'categories': ['Magic', 'Medieval', 'Fantasy']}, 'voxel_model': 'ipfs://bafybeig7qq2sfty723iggir6iqgcr7p6awswzun2lyamb7bjazgdphw2ja/wings-of-salvation-shield.vxc', 'creator_profile_url': 'https://www.sandbox.game/en/users/orinox/2a3c52e5-b8e0-4a29-abb7-f0be1730f1ab/'}	Wings of Salvation Shield
Eclipse sh										0xa342f5D851E866E18ff98F351f2c6637f4478dB5	ipfs://bafybeic2pxqf2o2lytepsnfgwdnzga3e6rjr2apq3dsipp47bxsop7kd4q/eclipse-shield.png	ipfs://bafybeic2pxqf2o2lytepsnfgwdnzga3e6rjr2apq3dsipp47bxsop7kd4q/eclipse-shield.gltf	https://www.sandbox.game/en/assets/eclipse-shield/bd4ad724-42ce-4800-8d81-dc493c6ad53e/							{'version': 2, 'creator': '0xddc9b03b9a20e8820a9df7782f0773f850722e39', 'classification': {'type': 'Equipment', 'theme': 'None', 'categories': ['Magic', 'Medieval', 'Fantasy']}, 'voxel_model': 'ipfs://bafybeic2pxqf2o2lytepsnfgwdnzga3e6rjr2apq3dsipp47bxsop7kd4q/eclipse-shield.vxc', 'creator_profile_url': 'https://www.sandbox.game/en/users/orinox/2a3c52e5-b8e0-4a29-abb7-f0be1730f1ab/'}	Eclipse Shield
Plated Bel										0x9b51A88Cffe9B50E043661ddD7F492cc3888fcbF	ipfs://QmSqyit6qoK5x4XWN3mv6YjrSp1sPpsqa6T7gMTcWQG32h/131075.png					value,trait_type					Plated Belt
Bronze Rin										0x9b51A88Cffe9B50E043661ddD7F492cc3888fcbF	ipfs://QmSqyit6qoK5x4XWN3mv6YjrSp1sPpsqa6T7gMTcWQG32h/131079.png					value,trait_type					Bronze Ring
Holy Greav										0x9b51A88Cffe9B50E043661ddD7F492cc3888fcbF	ipfs://QmSqyit6qoK5x4XWN3mv6YjrSp1sPpsqa6T7gMTcWQG32h/17179869188.png					value,trait_type					Holy Greaves of Skill
										0x1C5Ed03149B1Fd5EFe12828A660C7B892c111bA4	https://outkast.world/outkast/Eesah.png					value,trait_type					Eesah
										0x1C5Ed03149B1Fd5EFe12828A660C7B892c111bA4	https://outkast.world/outkast/Marwan.png					value,trait_type					Marwan
										0x1C5Ed03149B1Fd5EFe12828A660C7B892c111bA4	https://outkast.world/outkast/Kyran.png					value,trait_type					Kyran
First gene				https://plsfi.xyz						0x495f947276749Ce646f68AC8c248420045cb7b5e	https://lh3.googleusercontent.com/YyqYv0EhUtFWhl3kUG3oI2jZcopLicGL1J7R5aABeNjGe77Ode7d-WInC-AmJbtx-yUQe_jW2uSP2DLQ-yvf0j8-_l7u_fZrTdjX9Q										plsfix_v1 #443
				https://twitter.com/jimcramer/status/1381733284674162691						0x495f947276749Ce646f68AC8c248420045cb7b5e	https://lh3.googleusercontent.com/53ySTTtmh0LHvoywQdAlVMfrrQ3JO9wkyPoe9mVR2ewOFCuj7oXbo2FGLGpi9Rw2cdEYFcqwU1vdDylfozbnRkFanI10oj1pJyZq9A										Jim Cramer's commentary of illustration featuring his screaming head on a staff
This is my										0x495f947276749Ce646f68AC8c248420045cb7b5e	https://lh3.googleusercontent.com/87Odf_fBhYCYQJK0XsoVTRTlHeoL1FQhq0v8lDXgza-vhsMNpTafCwNMAc743DOE1cn3Wa7uwGQo6P6QLqnBb_6P2OYN85S8idw6										CT#001
NUT #100										0xB1469271ff094d7fb2710B0a69a80a01Ec5dbF24	https://storage.googleapis.com/deeznutsnft/final/Nut100.png					value,trait_type					NUT #100
NUT #1005										0xB1469271ff094d7fb2710B0a69a80a01Ec5dbF24	https://storage.googleapis.com/deeznutsnft/final/Nut1005.png					value,trait_type					NUT #1005
NUT #1006										0xB1469271ff094d7fb2710B0a69a80a01Ec5dbF24	https://storage.googleapis.com/deeznutsnft/final/Nut1006.png					value,trait_type					NUT #1006
										0x12d2D1beD91c24f878F37E66bd829Ce7197e4d14	https://galacticapes.mypinata.cloud/ipfs/QmPqKt7guhrCNS6DWy7gNeyR9ia7UgijVj8evWcUjFiQrc/11.png					value,trait_type					GalacticApe #11
										0x12d2D1beD91c24f878F37E66bd829Ce7197e4d14	https://galacticapes.mypinata.cloud/ipfs/QmPqKt7guhrCNS6DWy7gNeyR9ia7UgijVj8evWcUjFiQrc/1002.png					value,trait_type					GalacticApe #1002
										0x12d2D1beD91c24f878F37E66bd829Ce7197e4d14	https://galacticapes.mypinata.cloud/ipfs/QmPqKt7guhrCNS6DWy7gNeyR9ia7UgijVj8evWcUjFiQrc/1003.png					value,trait_type					GalacticApe #1003
										0x364C828eE171616a39897688A831c2499aD972ec	ipfs://QmUs4WQP47QKGwzPLjVMmhqTbspJfAC344abDEE2UT52HF/1.png					value,trait_type			1		The Byzantine General
										0x364C828eE171616a39897688A831c2499aD972ec	ipfs://QmUs4WQP47QKGwzPLjVMmhqTbspJfAC344abDEE2UT52HF/10.png					value,trait_type			10		CL
										0x364C828eE171616a39897688A831c2499aD972ec	ipfs://QmUs4WQP47QKGwzPLjVMmhqTbspJfAC344abDEE2UT52HF/100.png					value,trait_type			100		Sappy Seal #100
This NFT r										0xC36442b4a4522E871399CD717aBDD847Ab11FE88	data:image/svg+xml;base64,PHN2ZyB3aWR0aD0iMjkwIiBoZWlnaHQ9IjUwMCIgdmlld0JveD0iMCAwIDI5MCA1MDAiIHhtbG5zPSJodHRwOi8vd3d3LnczLm9yZy8yMDAwL3N2ZyIgeG1sbnM6eGxpbms9J2h0dHA6Ly93d3cudzMub3JnLzE5OTkveGxpbmsnPjxkZWZzPjxmaWx0ZXIgaWQ9ImYxIj48ZmVJbWFnZSByZXN1bHQ9InAwIiB4bGluazpocmVmPSJkYXRhOmltYWdlL3N2Zyt4bWw7YmFzZTY0LFBITjJaeUIzYVdSMGFEMG5Namt3SnlCb1pXbG5hSFE5SnpVd01DY2dkbWxsZDBKdmVEMG5NQ0F3SURJNU1DQTFNREFuSUhodGJHNXpQU2RvZEhSd09pOHZkM2QzTG5jekxtOXlaeTh5TURBd0wzTjJaeWMrUEhKbFkzUWdkMmxrZEdnOUp6STVNSEI0SnlCb1pXbG5hSFE5SnpVd01IQjRKeUJtYVd4c1BTY2pZVEJpT0RZNUp5OCtQQzl6ZG1jKyIvPjxmZUltYWdlIHJlc3VsdD0icDEiIHhsaW5rOmhyZWY9ImRhdGE6aW1hZ2Uvc3ZnK3htbDtiYXNlNjQsUEhOMlp5QjNhV1IwYUQwbk1qa3dKeUJvWldsbmFIUTlKelV3TUNjZ2RtbGxkMEp2ZUQwbk1DQXdJREk1TUNBMU1EQW5JSGh0Ykc1elBTZG9kSFJ3T2k4dmQzZDNMbmN6TG05eVp5OHlNREF3TDNOMlp5YytQR05wY21Oc1pTQmplRDBuTWpFd0p5QmplVDBuTXpZeUp5QnlQU2N4TWpCd2VDY2dabWxzYkQwbkl6ZzFNMlE1TlNjdlBqd3ZjM1puUGc9PSIvPjxmZUltYWdlIHJlc3VsdD0icDIiIHhsaW5rOmhyZWY9ImRhdGE6aW1hZ2Uvc3ZnK3htbDtiYXNlNjQsUEhOMlp5QjNhV1IwYUQwbk1qa3dKeUJvWldsbmFIUTlKelV3TUNjZ2RtbGxkMEp2ZUQwbk1DQXdJREk1TUNBMU1EQW5JSGh0Ykc1elBTZG9kSFJ3T2k4dmQzZDNMbmN6TG05eVp5OHlNREF3TDNOMlp5YytQR05wY21Oc1pTQmplRDBuTmpNbklHTjVQU2N5TURJbklISTlKekV5TUhCNEp5Qm1hV3hzUFNjak1EWmxZalE0Snk4K1BDOXpkbWMrIiAvPjxmZUltYWdlIHJlc3VsdD0icDMiIHhsaW5rOmhyZWY9ImRhdGE6aW1hZ2Uvc3ZnK3htbDtiYXNlNjQsUEhOMlp5QjNhV1IwYUQwbk1qa3dKeUJvWldsbmFIUTlKelV3TUNjZ2RtbGxkMEp2ZUQwbk1DQXdJREk1TUNBMU1EQW5JSGh0Ykc1elBTZG9kSFJ3T2k4dmQzZDNMbmN6TG05eVp5OHlNREF3TDNOMlp5YytQR05wY21Oc1pTQmplRDBuTlRjbklHTjVQU2N5TnprbklISTlKekV3TUhCNEp5Qm1hV3hzUFNjak56VmlPVGxsSnk4K1BDOXpkbWMrIiAvPjxmZUJsZW5kIG1vZGU9Im92ZXJsYXkiIGluPSJwMCIgaW4yPSJwMSIgLz48ZmVCbGVuZCBtb2RlPSJleGNsdXNpb24iIGluMj0icDIiIC8+PGZlQmxlbmQgbW9kZT0ib3ZlcmxheSIgaW4yPSJwMyIgcmVzdWx0PSJibGVuZE91dCIgLz48ZmVHYXVzc2lhbkJsdXIgaW49ImJsZW5kT3V0IiBzdGREZXZpYXRpb249IjQyIiAvPjwvZmlsdGVyPiA8Y2xpcFBhdGggaWQ9ImNvcm5lcnMiPjxyZWN0IHdpZHRoPSIyOTAiIGhlaWdodD0iNTAwIiByeD0iNDIiIHJ5PSI0MiIgLz48L2NsaXBQYXRoPjxwYXRoIGlkPSJ0ZXh0LXBhdGgtYSIgZD0iTTQwIDEyIEgyNTAgQTI4IDI4IDAgMCAxIDI3OCA0MCBWNDYwIEEyOCAyOCAwIDAgMSAyNTAgNDg4IEg0MCBBMjggMjggMCAwIDEgMTIgNDYwIFY0MCBBMjggMjggMCAwIDEgNDAgMTIgeiIgLz48cGF0aCBpZD0ibWluaW1hcCIgZD0iTTIzNCA0NDRDMjM0IDQ1Ny45NDkgMjQyLjIxIDQ2MyAyNTMgNDYzIiAvPjxmaWx0ZXIgaWQ9InRvcC1yZWdpb24tYmx1ciI+PGZlR2F1c3NpYW5CbHVyIGluPSJTb3VyY2VHcmFwaGljIiBzdGREZXZpYXRpb249IjI0IiAvPjwvZmlsdGVyPjxsaW5lYXJHcmFkaWVudCBpZD0iZ3JhZC11cCIgeDE9IjEiIHgyPSIwIiB5MT0iMSIgeTI9IjAiPjxzdG9wIG9mZnNldD0iMC4wIiBzdG9wLWNvbG9yPSJ3aGl0ZSIgc3RvcC1vcGFjaXR5PSIxIiAvPjxzdG9wIG9mZnNldD0iLjkiIHN0b3AtY29sb3I9IndoaXRlIiBzdG9wLW9wYWNpdHk9IjAiIC8+PC9saW5lYXJHcmFkaWVudD48bGluZWFyR3JhZGllbnQgaWQ9ImdyYWQtZG93biIgeDE9IjAiIHgyPSIxIiB5MT0iMCIgeTI9IjEiPjxzdG9wIG9mZnNldD0iMC4wIiBzdG9wLWNvbG9yPSJ3aGl0ZSIgc3RvcC1vcGFjaXR5PSIxIiAvPjxzdG9wIG9mZnNldD0iMC45IiBzdG9wLWNvbG9yPSJ3aGl0ZSIgc3RvcC1vcGFjaXR5PSIwIiAvPjwvbGluZWFyR3JhZGllbnQ+PG1hc2sgaWQ9ImZhZGUtdXAiIG1hc2tDb250ZW50VW5pdHM9Im9iamVjdEJvdW5kaW5nQm94Ij48cmVjdCB3aWR0aD0iMSIgaGVpZ2h0PSIxIiBmaWxsPSJ1cmwoI2dyYWQtdXApIiAvPjwvbWFzaz48bWFzayBpZD0iZmFkZS1kb3duIiBtYXNrQ29udGVudFVuaXRzPSJvYmplY3RCb3VuZGluZ0JveCI+PHJlY3Qgd2lkdGg9IjEiIGhlaWdodD0iMSIgZmlsbD0idXJsKCNncmFkLWRvd24pIiAvPjwvbWFzaz48bWFzayBpZD0ibm9uZSIgbWFza0NvbnRlbnRVbml0cz0ib2JqZWN0Qm91bmRpbmdCb3giPjxyZWN0IHdpZHRoPSIxIiBoZWlnaHQ9IjEiIGZpbGw9IndoaXRlIiAvPjwvbWFzaz48bGluZWFyR3JhZGllbnQgaWQ9ImdyYWQtc3ltYm9sIj48c3RvcCBvZmZzZXQ9IjAuNyIgc3RvcC1jb2xvcj0id2hpdGUiIHN0b3Atb3BhY2l0eT0iMSIgLz48c3RvcCBvZmZzZXQ9Ii45NSIgc3RvcC1jb2xvcj0id2hpdGUiIHN0b3Atb3BhY2l0eT0iMCIgLz48L2xpbmVhckdyYWRpZW50PjxtYXNrIGlkPSJmYWRlLXN5bWJvbCIgbWFza0NvbnRlbnRVbml0cz0idXNlclNwYWNlT25Vc2UiPjxyZWN0IHdpZHRoPSIyOTBweCIgaGVpZ2h0PSIyMDBweCIgZmlsbD0idXJsKCNncmFkLXN5bWJvbCkiIC8+PC9tYXNrPjwvZGVmcz48ZyBjbGlwLXBhdGg9InVybCgjY29ybmVycykiPjxyZWN0IGZpbGw9ImEwYjg2OSIgeD0iMHB4IiB5PSIwcHgiIHdpZHRoPSIyOTBweCIgaGVpZ2h0PSI1MDBweCIgLz48cmVjdCBzdHlsZT0iZmlsdGVyOiB1cmwoI2YxKSIgeD0iMHB4IiB5PSIwcHgiIHdpZHRoPSIyOTBweCIgaGVpZ2h0PSI1MDBweCIgLz4gPGcgc3R5bGU9ImZpbHRlcjp1cmwoI3RvcC1yZWdpb24tYmx1cik7IHRyYW5zZm9ybTpzY2FsZSgxLjUpOyB0cmFuc2Zvcm0tb3JpZ2luOmNlbnRlciB0b3A7Ij48cmVjdCBmaWxsPSJub25lIiB4PSIwcHgiIHk9IjBweCIgd2lkdGg9IjI5MHB4IiBoZWlnaHQ9IjUwMHB4IiAvPjxlbGxpcHNlIGN4PSI1MCUiIGN5PSIwcHgiIHJ4PSIxODBweCIgcnk9IjEyMHB4IiBmaWxsPSIjMDAwIiBvcGFjaXR5PSIwLjg1IiAvPjwvZz48cmVjdCB4PSIwIiB5PSIwIiB3aWR0aD0iMjkwIiBoZWlnaHQ9IjUwMCIgcng9IjQyIiByeT0iNDIiIGZpbGw9InJnYmEoMCwwLDAsMCkiIHN0cm9rZT0icmdiYSgyNTUsMjU1LDI1NSwwLjIpIiAvPjwvZz48dGV4dCB0ZXh0LXJlbmRlcmluZz0ib3B0aW1pemVTcGVlZCI+PHRleHRQYXRoIHN0YXJ0T2Zmc2V0PSItMTAwJSIgZmlsbD0id2hpdGUiIGZvbnQtZmFtaWx5PSInQ291cmllciBOZXcnLCBtb25vc3BhY2UiIGZvbnQtc2l6ZT0iMTBweCIgeGxpbms6aHJlZj0iI3RleHQtcGF0aC1hIj4weDg1M2Q5NTVhY2VmODIyZGIwNThlYjg1MDU5MTFlZDc3ZjE3NWI5OWUg4oCiIEZSQVggPGFuaW1hdGUgYWRkaXRpdmU9InN1bSIgYXR0cmlidXRlTmFtZT0ic3RhcnRPZmZzZXQiIGZyb209IjAlIiB0bz0iMTAwJSIgYmVnaW49IjBzIiBkdXI9IjMwcyIgcmVwZWF0Q291bnQ9ImluZGVmaW5pdGUiIC8+PC90ZXh0UGF0aD4gPHRleHRQYXRoIHN0YXJ0T2Zmc2V0PSIwJSIgZmlsbD0id2hpdGUiIGZvbnQtZmFtaWx5PSInQ291cmllciBOZXcnLCBtb25vc3BhY2UiIGZvbnQtc2l6ZT0iMTBweCIgeGxpbms6aHJlZj0iI3RleHQtcGF0aC1hIj4weDg1M2Q5NTVhY2VmODIyZGIwNThlYjg1MDU5MTFlZDc3ZjE3NWI5OWUg4oCiIEZSQVggPGFuaW1hdGUgYWRkaXRpdmU9InN1bSIgYXR0cmlidXRlTmFtZT0ic3RhcnRPZmZzZXQiIGZyb209IjAlIiB0bz0iMTAwJSIgYmVnaW49IjBzIiBkdXI9IjMwcyIgcmVwZWF0Q291bnQ9ImluZGVmaW5pdGUiIC8+IDwvdGV4dFBhdGg+PHRleHRQYXRoIHN0YXJ0T2Zmc2V0PSI1MCUiIGZpbGw9IndoaXRlIiBmb250LWZhbWlseT0iJ0NvdXJpZXIgTmV3JywgbW9ub3NwYWNlIiBmb250LXNpemU9IjEwcHgiIHhsaW5rOmhyZWY9IiN0ZXh0LXBhdGgtYSI+MHhhMGI4Njk5MWM2MjE4YjM2YzFkMTlkNGEyZTllYjBjZTM2MDZlYjQ4IOKAoiBVU0RDIDxhbmltYXRlIGFkZGl0aXZlPSJzdW0iIGF0dHJpYnV0ZU5hbWU9InN0YXJ0T2Zmc2V0IiBmcm9tPSIwJSIgdG89IjEwMCUiIGJlZ2luPSIwcyIgZHVyPSIzMHMiIHJlcGVhdENvdW50PSJpbmRlZmluaXRlIiAvPjwvdGV4dFBhdGg+PHRleHRQYXRoIHN0YXJ0T2Zmc2V0PSItNTAlIiBmaWxsPSJ3aGl0ZSIgZm9udC1mYW1pbHk9IidDb3VyaWVyIE5ldycsIG1vbm9zcGFjZSIgZm9udC1zaXplPSIxMHB4IiB4bGluazpocmVmPSIjdGV4dC1wYXRoLWEiPjB4YTBiODY5OTFjNjIxOGIzNmMxZDE5ZDRhMmU5ZWIwY2UzNjA2ZWI0OCDigKIgVVNEQyA8YW5pbWF0ZSBhZGRpdGl2ZT0ic3VtIiBhdHRyaWJ1dGVOYW1lPSJzdGFydE9mZnNldCIgZnJvbT0iMCUiIHRvPSIxMDAlIiBiZWdpbj0iMHMiIGR1cj0iMzBzIiByZXBlYXRDb3VudD0iaW5kZWZpbml0ZSIgLz48L3RleHRQYXRoPjwvdGV4dD48ZyBtYXNrPSJ1cmwoI2ZhZGUtc3ltYm9sKSI+PHJlY3QgZmlsbD0ibm9uZSIgeD0iMHB4IiB5PSIwcHgiIHdpZHRoPSIyOTBweCIgaGVpZ2h0PSIyMDBweCIgLz4gPHRleHQgeT0iNzBweCIgeD0iMzJweCIgZmlsbD0id2hpdGUiIGZvbnQtZmFtaWx5PSInQ291cmllciBOZXcnLCBtb25vc3BhY2UiIGZvbnQtd2VpZ2h0PSIyMDAiIGZvbnQtc2l6ZT0iMzZweCI+VVNEQy9GUkFYPC90ZXh0Pjx0ZXh0IHk9IjExNXB4IiB4PSIzMnB4IiBmaWxsPSJ3aGl0ZSIgZm9udC1mYW1pbHk9IidDb3VyaWVyIE5ldycsIG1vbm9zcGFjZSIgZm9udC13ZWlnaHQ9IjIwMCIgZm9udC1zaXplPSIzNnB4Ij4wLjA1JTwvdGV4dD48L2c+PHJlY3QgeD0iMTYiIHk9IjE2IiB3aWR0aD0iMjU4IiBoZWlnaHQ9IjQ2OCIgcng9IjI2IiByeT0iMjYiIGZpbGw9InJnYmEoMCwwLDAsMCkiIHN0cm9rZT0icmdiYSgyNTUsMjU1LDI1NSwwLjIpIiAvPjxnIG1hc2s9InVybCgjbm9uZSkiIHN0eWxlPSJ0cmFuc2Zvcm06dHJhbnNsYXRlKDcycHgsMTg5cHgpIj48cmVjdCB4PSItMTZweCIgeT0iLTE2cHgiIHdpZHRoPSIxODBweCIgaGVpZ2h0PSIxODBweCIgZmlsbD0ibm9uZSIgLz48cGF0aCBkPSJNMSAxQzMzIDU3IDg5IDExMyAxNDUgMTQ1IiBzdHJva2U9InJnYmEoMCwwLDAsMC4zKSIgc3Ryb2tlLXdpZHRoPSIzMnB4IiBmaWxsPSJub25lIiBzdHJva2UtbGluZWNhcD0icm91bmQiIC8+PC9nPjxnIG1hc2s9InVybCgjbm9uZSkiIHN0eWxlPSJ0cmFuc2Zvcm06dHJhbnNsYXRlKDcycHgsMTg5cHgpIj48cmVjdCB4PSItMTZweCIgeT0iLTE2cHgiIHdpZHRoPSIxODBweCIgaGVpZ2h0PSIxODBweCIgZmlsbD0ibm9uZSIgLz48cGF0aCBkPSJNMSAxQzMzIDU3IDg5IDExMyAxNDUgMTQ1IiBzdHJva2U9InJnYmEoMjU1LDI1NSwyNTUsMSkiIGZpbGw9Im5vbmUiIHN0cm9rZS1saW5lY2FwPSJyb3VuZCIgLz48L2c+PGNpcmNsZSBjeD0iNzNweCIgY3k9IjE5MHB4IiByPSI0cHgiIGZpbGw9IndoaXRlIiAvPjxjaXJjbGUgY3g9IjIxN3B4IiBjeT0iMzM0cHgiIHI9IjRweCIgZmlsbD0id2hpdGUiIC8+IDxnIHN0eWxlPSJ0cmFuc2Zvcm06dHJhbnNsYXRlKDI5cHgsIDM4NHB4KSI+PHJlY3Qgd2lkdGg9Ijk4cHgiIGhlaWdodD0iMjZweCIgcng9IjhweCIgcnk9IjhweCIgZmlsbD0icmdiYSgwLDAsMCwwLjYpIiAvPjx0ZXh0IHg9IjEycHgiIHk9IjE3cHgiIGZvbnQtZmFtaWx5PSInQ291cmllciBOZXcnLCBtb25vc3BhY2UiIGZvbnQtc2l6ZT0iMTJweCIgZmlsbD0id2hpdGUiPjx0c3BhbiBmaWxsPSJyZ2JhKDI1NSwyNTUsMjU1LDAuNikiPklEOiA8L3RzcGFuPjEwMDE2MjwvdGV4dD48L2c+IDxnIHN0eWxlPSJ0cmFuc2Zvcm06dHJhbnNsYXRlKDI5cHgsIDQxNHB4KSI+PHJlY3Qgd2lkdGg9IjE0N3B4IiBoZWlnaHQ9IjI2cHgiIHJ4PSI4cHgiIHJ5PSI4cHgiIGZpbGw9InJnYmEoMCwwLDAsMC42KSIgLz48dGV4dCB4PSIxMnB4IiB5PSIxN3B4IiBmb250LWZhbWlseT0iJ0NvdXJpZXIgTmV3JywgbW9ub3NwYWNlIiBmb250LXNpemU9IjEycHgiIGZpbGw9IndoaXRlIj48dHNwYW4gZmlsbD0icmdiYSgyNTUsMjU1LDI1NSwwLjYpIj5NaW4gVGljazogPC90c3Bhbj4tMjc2MzgwPC90ZXh0PjwvZz4gPGcgc3R5bGU9InRyYW5zZm9ybTp0cmFuc2xhdGUoMjlweCwgNDQ0cHgpIj48cmVjdCB3aWR0aD0iMTQ3cHgiIGhlaWdodD0iMjZweCIgcng9IjhweCIgcnk9IjhweCIgZmlsbD0icmdiYSgwLDAsMCwwLjYpIiAvPjx0ZXh0IHg9IjEycHgiIHk9IjE3cHgiIGZvbnQtZmFtaWx5PSInQ291cmllciBOZXcnLCBtb25vc3BhY2UiIGZvbnQtc2l6ZT0iMTJweCIgZmlsbD0id2hpdGUiPjx0c3BhbiBmaWxsPSJyZ2JhKDI1NSwyNTUsMjU1LDAuNikiPk1heCBUaWNrOiA8L3RzcGFuPi0yNzYyNzA8L3RleHQ+PC9nPjxnIHN0eWxlPSJ0cmFuc2Zvcm06dHJhbnNsYXRlKDIyNnB4LCA0MzNweCkiPjxyZWN0IHdpZHRoPSIzNnB4IiBoZWlnaHQ9IjM2cHgiIHJ4PSI4cHgiIHJ5PSI4cHgiIGZpbGw9Im5vbmUiIHN0cm9rZT0icmdiYSgyNTUsMjU1LDI1NSwwLjIpIiAvPjxwYXRoIHN0cm9rZS1saW5lY2FwPSJyb3VuZCIgZD0iTTggOUM4LjAwMDA0IDIyLjk0OTQgMTYuMjA5OSAyOCAyNyAyOCIgZmlsbD0ibm9uZSIgc3Ryb2tlPSJ3aGl0ZSIgLz48Y2lyY2xlIHN0eWxlPSJ0cmFuc2Zvcm06dHJhbnNsYXRlM2QoOHB4LCA3cHgsIDBweCkiIGN4PSIwcHgiIGN5PSIwcHgiIHI9IjRweCIgZmlsbD0id2hpdGUiLz48L2c+PC9zdmc+										Uniswap - 0.05% - USDC/FRAX - 0.99442<>1.0054
										0xC36442b4a4522E871399CD717aBDD847Ab11FE88											
This NFT r										0xC36442b4a4522E871399CD717aBDD847Ab11FE88	data:image/svg+xml;base64,PHN2ZyB3aWR0aD0iMjkwIiBoZWlnaHQ9IjUwMCIgdmlld0JveD0iMCAwIDI5MCA1MDAiIHhtbG5zPSJodHRwOi8vd3d3LnczLm9yZy8yMDAwL3N2ZyIgeG1sbnM6eGxpbms9J2h0dHA6Ly93d3cudzMub3JnLzE5OTkveGxpbmsnPjxkZWZzPjxmaWx0ZXIgaWQ9ImYxIj48ZmVJbWFnZSByZXN1bHQ9InAwIiB4bGluazpocmVmPSJkYXRhOmltYWdlL3N2Zyt4bWw7YmFzZTY0LFBITjJaeUIzYVdSMGFEMG5Namt3SnlCb1pXbG5hSFE5SnpVd01DY2dkbWxsZDBKdmVEMG5NQ0F3SURJNU1DQTFNREFuSUhodGJHNXpQU2RvZEhSd09pOHZkM2QzTG5jekxtOXlaeTh5TURBd0wzTjJaeWMrUEhKbFkzUWdkMmxrZEdnOUp6STVNSEI0SnlCb1pXbG5hSFE5SnpVd01IQjRKeUJtYVd4c1BTY2pZVEJpT0RZNUp5OCtQQzl6ZG1jKyIvPjxmZUltYWdlIHJlc3VsdD0icDEiIHhsaW5rOmhyZWY9ImRhdGE6aW1hZ2Uvc3ZnK3htbDtiYXNlNjQsUEhOMlp5QjNhV1IwYUQwbk1qa3dKeUJvWldsbmFIUTlKelV3TUNjZ2RtbGxkMEp2ZUQwbk1DQXdJREk1TUNBMU1EQW5JSGh0Ykc1elBTZG9kSFJ3T2k4dmQzZDNMbmN6TG05eVp5OHlNREF3TDNOMlp5YytQR05wY21Oc1pTQmplRDBuTkRNbklHTjVQU2N6TVRZbklISTlKekV5TUhCNEp5Qm1hV3hzUFNjak9EVXpaRGsxSnk4K1BDOXpkbWMrIi8+PGZlSW1hZ2UgcmVzdWx0PSJwMiIgeGxpbms6aHJlZj0iZGF0YTppbWFnZS9zdmcreG1sO2Jhc2U2NCxQSE4yWnlCM2FXUjBhRDBuTWprd0p5Qm9aV2xuYUhROUp6VXdNQ2NnZG1sbGQwSnZlRDBuTUNBd0lESTVNQ0ExTURBbklIaHRiRzV6UFNkb2RIUndPaTh2ZDNkM0xuY3pMbTl5Wnk4eU1EQXdMM04yWnljK1BHTnBjbU5zWlNCamVEMG5NalkxSnlCamVUMG5ORFU0SnlCeVBTY3hNakJ3ZUNjZ1ptbHNiRDBuSXpBMlpXSTBPQ2N2UGp3dmMzWm5QZz09IiAvPjxmZUltYWdlIHJlc3VsdD0icDMiIHhsaW5rOmhyZWY9ImRhdGE6aW1hZ2Uvc3ZnK3htbDtiYXNlNjQsUEhOMlp5QjNhV1IwYUQwbk1qa3dKeUJvWldsbmFIUTlKelV3TUNjZ2RtbGxkMEp2ZUQwbk1DQXdJREk1TUNBMU1EQW5JSGh0Ykc1elBTZG9kSFJ3T2k4dmQzZDNMbmN6TG05eVp5OHlNREF3TDNOMlp5YytQR05wY21Oc1pTQmplRDBuTkRjbklHTjVQU2N4TlRFbklISTlKekV3TUhCNEp5Qm1hV3hzUFNjak56VmlPVGxsSnk4K1BDOXpkbWMrIiAvPjxmZUJsZW5kIG1vZGU9Im92ZXJsYXkiIGluPSJwMCIgaW4yPSJwMSIgLz48ZmVCbGVuZCBtb2RlPSJleGNsdXNpb24iIGluMj0icDIiIC8+PGZlQmxlbmQgbW9kZT0ib3ZlcmxheSIgaW4yPSJwMyIgcmVzdWx0PSJibGVuZE91dCIgLz48ZmVHYXVzc2lhbkJsdXIgaW49ImJsZW5kT3V0IiBzdGREZXZpYXRpb249IjQyIiAvPjwvZmlsdGVyPiA8Y2xpcFBhdGggaWQ9ImNvcm5lcnMiPjxyZWN0IHdpZHRoPSIyOTAiIGhlaWdodD0iNTAwIiByeD0iNDIiIHJ5PSI0MiIgLz48L2NsaXBQYXRoPjxwYXRoIGlkPSJ0ZXh0LXBhdGgtYSIgZD0iTTQwIDEyIEgyNTAgQTI4IDI4IDAgMCAxIDI3OCA0MCBWNDYwIEEyOCAyOCAwIDAgMSAyNTAgNDg4IEg0MCBBMjggMjggMCAwIDEgMTIgNDYwIFY0MCBBMjggMjggMCAwIDEgNDAgMTIgeiIgLz48cGF0aCBpZD0ibWluaW1hcCIgZD0iTTIzNCA0NDRDMjM0IDQ1Ny45NDkgMjQyLjIxIDQ2MyAyNTMgNDYzIiAvPjxmaWx0ZXIgaWQ9InRvcC1yZWdpb24tYmx1ciI+PGZlR2F1c3NpYW5CbHVyIGluPSJTb3VyY2VHcmFwaGljIiBzdGREZXZpYXRpb249IjI0IiAvPjwvZmlsdGVyPjxsaW5lYXJHcmFkaWVudCBpZD0iZ3JhZC11cCIgeDE9IjEiIHgyPSIwIiB5MT0iMSIgeTI9IjAiPjxzdG9wIG9mZnNldD0iMC4wIiBzdG9wLWNvbG9yPSJ3aGl0ZSIgc3RvcC1vcGFjaXR5PSIxIiAvPjxzdG9wIG9mZnNldD0iLjkiIHN0b3AtY29sb3I9IndoaXRlIiBzdG9wLW9wYWNpdHk9IjAiIC8+PC9saW5lYXJHcmFkaWVudD48bGluZWFyR3JhZGllbnQgaWQ9ImdyYWQtZG93biIgeDE9IjAiIHgyPSIxIiB5MT0iMCIgeTI9IjEiPjxzdG9wIG9mZnNldD0iMC4wIiBzdG9wLWNvbG9yPSJ3aGl0ZSIgc3RvcC1vcGFjaXR5PSIxIiAvPjxzdG9wIG9mZnNldD0iMC45IiBzdG9wLWNvbG9yPSJ3aGl0ZSIgc3RvcC1vcGFjaXR5PSIwIiAvPjwvbGluZWFyR3JhZGllbnQ+PG1hc2sgaWQ9ImZhZGUtdXAiIG1hc2tDb250ZW50VW5pdHM9Im9iamVjdEJvdW5kaW5nQm94Ij48cmVjdCB3aWR0aD0iMSIgaGVpZ2h0PSIxIiBmaWxsPSJ1cmwoI2dyYWQtdXApIiAvPjwvbWFzaz48bWFzayBpZD0iZmFkZS1kb3duIiBtYXNrQ29udGVudFVuaXRzPSJvYmplY3RCb3VuZGluZ0JveCI+PHJlY3Qgd2lkdGg9IjEiIGhlaWdodD0iMSIgZmlsbD0idXJsKCNncmFkLWRvd24pIiAvPjwvbWFzaz48bWFzayBpZD0ibm9uZSIgbWFza0NvbnRlbnRVbml0cz0ib2JqZWN0Qm91bmRpbmdCb3giPjxyZWN0IHdpZHRoPSIxIiBoZWlnaHQ9IjEiIGZpbGw9IndoaXRlIiAvPjwvbWFzaz48bGluZWFyR3JhZGllbnQgaWQ9ImdyYWQtc3ltYm9sIj48c3RvcCBvZmZzZXQ9IjAuNyIgc3RvcC1jb2xvcj0id2hpdGUiIHN0b3Atb3BhY2l0eT0iMSIgLz48c3RvcCBvZmZzZXQ9Ii45NSIgc3RvcC1jb2xvcj0id2hpdGUiIHN0b3Atb3BhY2l0eT0iMCIgLz48L2xpbmVhckdyYWRpZW50PjxtYXNrIGlkPSJmYWRlLXN5bWJvbCIgbWFza0NvbnRlbnRVbml0cz0idXNlclNwYWNlT25Vc2UiPjxyZWN0IHdpZHRoPSIyOTBweCIgaGVpZ2h0PSIyMDBweCIgZmlsbD0idXJsKCNncmFkLXN5bWJvbCkiIC8+PC9tYXNrPjwvZGVmcz48ZyBjbGlwLXBhdGg9InVybCgjY29ybmVycykiPjxyZWN0IGZpbGw9ImEwYjg2OSIgeD0iMHB4IiB5PSIwcHgiIHdpZHRoPSIyOTBweCIgaGVpZ2h0PSI1MDBweCIgLz48cmVjdCBzdHlsZT0iZmlsdGVyOiB1cmwoI2YxKSIgeD0iMHB4IiB5PSIwcHgiIHdpZHRoPSIyOTBweCIgaGVpZ2h0PSI1MDBweCIgLz4gPGcgc3R5bGU9ImZpbHRlcjp1cmwoI3RvcC1yZWdpb24tYmx1cik7IHRyYW5zZm9ybTpzY2FsZSgxLjUpOyB0cmFuc2Zvcm0tb3JpZ2luOmNlbnRlciB0b3A7Ij48cmVjdCBmaWxsPSJub25lIiB4PSIwcHgiIHk9IjBweCIgd2lkdGg9IjI5MHB4IiBoZWlnaHQ9IjUwMHB4IiAvPjxlbGxpcHNlIGN4PSI1MCUiIGN5PSIwcHgiIHJ4PSIxODBweCIgcnk9IjEyMHB4IiBmaWxsPSIjMDAwIiBvcGFjaXR5PSIwLjg1IiAvPjwvZz48cmVjdCB4PSIwIiB5PSIwIiB3aWR0aD0iMjkwIiBoZWlnaHQ9IjUwMCIgcng9IjQyIiByeT0iNDIiIGZpbGw9InJnYmEoMCwwLDAsMCkiIHN0cm9rZT0icmdiYSgyNTUsMjU1LDI1NSwwLjIpIiAvPjwvZz48dGV4dCB0ZXh0LXJlbmRlcmluZz0ib3B0aW1pemVTcGVlZCI+PHRleHRQYXRoIHN0YXJ0T2Zmc2V0PSItMTAwJSIgZmlsbD0id2hpdGUiIGZvbnQtZmFtaWx5PSInQ291cmllciBOZXcnLCBtb25vc3BhY2UiIGZvbnQtc2l6ZT0iMTBweCIgeGxpbms6aHJlZj0iI3RleHQtcGF0aC1hIj4weDg1M2Q5NTVhY2VmODIyZGIwNThlYjg1MDU5MTFlZDc3ZjE3NWI5OWUg4oCiIEZSQVggPGFuaW1hdGUgYWRkaXRpdmU9InN1bSIgYXR0cmlidXRlTmFtZT0ic3RhcnRPZmZzZXQiIGZyb209IjAlIiB0bz0iMTAwJSIgYmVnaW49IjBzIiBkdXI9IjMwcyIgcmVwZWF0Q291bnQ9ImluZGVmaW5pdGUiIC8+PC90ZXh0UGF0aD4gPHRleHRQYXRoIHN0YXJ0T2Zmc2V0PSIwJSIgZmlsbD0id2hpdGUiIGZvbnQtZmFtaWx5PSInQ291cmllciBOZXcnLCBtb25vc3BhY2UiIGZvbnQtc2l6ZT0iMTBweCIgeGxpbms6aHJlZj0iI3RleHQtcGF0aC1hIj4weDg1M2Q5NTVhY2VmODIyZGIwNThlYjg1MDU5MTFlZDc3ZjE3NWI5OWUg4oCiIEZSQVggPGFuaW1hdGUgYWRkaXRpdmU9InN1bSIgYXR0cmlidXRlTmFtZT0ic3RhcnRPZmZzZXQiIGZyb209IjAlIiB0bz0iMTAwJSIgYmVnaW49IjBzIiBkdXI9IjMwcyIgcmVwZWF0Q291bnQ9ImluZGVmaW5pdGUiIC8+IDwvdGV4dFBhdGg+PHRleHRQYXRoIHN0YXJ0T2Zmc2V0PSI1MCUiIGZpbGw9IndoaXRlIiBmb250LWZhbWlseT0iJ0NvdXJpZXIgTmV3JywgbW9ub3NwYWNlIiBmb250LXNpemU9IjEwcHgiIHhsaW5rOmhyZWY9IiN0ZXh0LXBhdGgtYSI+MHhhMGI4Njk5MWM2MjE4YjM2YzFkMTlkNGEyZTllYjBjZTM2MDZlYjQ4IOKAoiBVU0RDIDxhbmltYXRlIGFkZGl0aXZlPSJzdW0iIGF0dHJpYnV0ZU5hbWU9InN0YXJ0T2Zmc2V0IiBmcm9tPSIwJSIgdG89IjEwMCUiIGJlZ2luPSIwcyIgZHVyPSIzMHMiIHJlcGVhdENvdW50PSJpbmRlZmluaXRlIiAvPjwvdGV4dFBhdGg+PHRleHRQYXRoIHN0YXJ0T2Zmc2V0PSItNTAlIiBmaWxsPSJ3aGl0ZSIgZm9udC1mYW1pbHk9IidDb3VyaWVyIE5ldycsIG1vbm9zcGFjZSIgZm9udC1zaXplPSIxMHB4IiB4bGluazpocmVmPSIjdGV4dC1wYXRoLWEiPjB4YTBiODY5OTFjNjIxOGIzNmMxZDE5ZDRhMmU5ZWIwY2UzNjA2ZWI0OCDigKIgVVNEQyA8YW5pbWF0ZSBhZGRpdGl2ZT0ic3VtIiBhdHRyaWJ1dGVOYW1lPSJzdGFydE9mZnNldCIgZnJvbT0iMCUiIHRvPSIxMDAlIiBiZWdpbj0iMHMiIGR1cj0iMzBzIiByZXBlYXRDb3VudD0iaW5kZWZpbml0ZSIgLz48L3RleHRQYXRoPjwvdGV4dD48ZyBtYXNrPSJ1cmwoI2ZhZGUtc3ltYm9sKSI+PHJlY3QgZmlsbD0ibm9uZSIgeD0iMHB4IiB5PSIwcHgiIHdpZHRoPSIyOTBweCIgaGVpZ2h0PSIyMDBweCIgLz4gPHRleHQgeT0iNzBweCIgeD0iMzJweCIgZmlsbD0id2hpdGUiIGZvbnQtZmFtaWx5PSInQ291cmllciBOZXcnLCBtb25vc3BhY2UiIGZvbnQtd2VpZ2h0PSIyMDAiIGZvbnQtc2l6ZT0iMzZweCI+VVNEQy9GUkFYPC90ZXh0Pjx0ZXh0IHk9IjExNXB4IiB4PSIzMnB4IiBmaWxsPSJ3aGl0ZSIgZm9udC1mYW1pbHk9IidDb3VyaWVyIE5ldycsIG1vbm9zcGFjZSIgZm9udC13ZWlnaHQ9IjIwMCIgZm9udC1zaXplPSIzNnB4Ij4wLjA1JTwvdGV4dD48L2c+PHJlY3QgeD0iMTYiIHk9IjE2IiB3aWR0aD0iMjU4IiBoZWlnaHQ9IjQ2OCIgcng9IjI2IiByeT0iMjYiIGZpbGw9InJnYmEoMCwwLDAsMCkiIHN0cm9rZT0icmdiYSgyNTUsMjU1LDI1NSwwLjIpIiAvPjxnIG1hc2s9InVybCgjbm9uZSkiIHN0eWxlPSJ0cmFuc2Zvcm06dHJhbnNsYXRlKDcycHgsMTg5cHgpIj48cmVjdCB4PSItMTZweCIgeT0iLTE2cHgiIHdpZHRoPSIxODBweCIgaGVpZ2h0PSIxODBweCIgZmlsbD0ibm9uZSIgLz48cGF0aCBkPSJNMSAxQzMzIDU3IDg5IDExMyAxNDUgMTQ1IiBzdHJva2U9InJnYmEoMCwwLDAsMC4zKSIgc3Ryb2tlLXdpZHRoPSIzMnB4IiBmaWxsPSJub25lIiBzdHJva2UtbGluZWNhcD0icm91bmQiIC8+PC9nPjxnIG1hc2s9InVybCgjbm9uZSkiIHN0eWxlPSJ0cmFuc2Zvcm06dHJhbnNsYXRlKDcycHgsMTg5cHgpIj48cmVjdCB4PSItMTZweCIgeT0iLTE2cHgiIHdpZHRoPSIxODBweCIgaGVpZ2h0PSIxODBweCIgZmlsbD0ibm9uZSIgLz48cGF0aCBkPSJNMSAxQzMzIDU3IDg5IDExMyAxNDUgMTQ1IiBzdHJva2U9InJnYmEoMjU1LDI1NSwyNTUsMSkiIGZpbGw9Im5vbmUiIHN0cm9rZS1saW5lY2FwPSJyb3VuZCIgLz48L2c+PGNpcmNsZSBjeD0iNzNweCIgY3k9IjE5MHB4IiByPSI0cHgiIGZpbGw9IndoaXRlIiAvPjxjaXJjbGUgY3g9IjIxN3B4IiBjeT0iMzM0cHgiIHI9IjRweCIgZmlsbD0id2hpdGUiIC8+IDxnIHN0eWxlPSJ0cmFuc2Zvcm06dHJhbnNsYXRlKDI5cHgsIDM4NHB4KSI+PHJlY3Qgd2lkdGg9Ijk4cHgiIGhlaWdodD0iMjZweCIgcng9IjhweCIgcnk9IjhweCIgZmlsbD0icmdiYSgwLDAsMCwwLjYpIiAvPjx0ZXh0IHg9IjEycHgiIHk9IjE3cHgiIGZvbnQtZmFtaWx5PSInQ291cmllciBOZXcnLCBtb25vc3BhY2UiIGZvbnQtc2l6ZT0iMTJweCIgZmlsbD0id2hpdGUiPjx0c3BhbiBmaWxsPSJyZ2JhKDI1NSwyNTUsMjU1LDAuNikiPklEOiA8L3RzcGFuPjEwMDI2MjwvdGV4dD48L2c+IDxnIHN0eWxlPSJ0cmFuc2Zvcm06dHJhbnNsYXRlKDI5cHgsIDQxNHB4KSI+PHJlY3Qgd2lkdGg9IjE0N3B4IiBoZWlnaHQ9IjI2cHgiIHJ4PSI4cHgiIHJ5PSI4cHgiIGZpbGw9InJnYmEoMCwwLDAsMC42KSIgLz48dGV4dCB4PSIxMnB4IiB5PSIxN3B4IiBmb250LWZhbWlseT0iJ0NvdXJpZXIgTmV3JywgbW9ub3NwYWNlIiBmb250LXNpemU9IjEycHgiIGZpbGw9IndoaXRlIj48dHNwYW4gZmlsbD0icmdiYSgyNTUsMjU1LDI1NSwwLjYpIj5NaW4gVGljazogPC90c3Bhbj4tMjc2MzgwPC90ZXh0PjwvZz4gPGcgc3R5bGU9InRyYW5zZm9ybTp0cmFuc2xhdGUoMjlweCwgNDQ0cHgpIj48cmVjdCB3aWR0aD0iMTQ3cHgiIGhlaWdodD0iMjZweCIgcng9IjhweCIgcnk9IjhweCIgZmlsbD0icmdiYSgwLDAsMCwwLjYpIiAvPjx0ZXh0IHg9IjEycHgiIHk9IjE3cHgiIGZvbnQtZmFtaWx5PSInQ291cmllciBOZXcnLCBtb25vc3BhY2UiIGZvbnQtc2l6ZT0iMTJweCIgZmlsbD0id2hpdGUiPjx0c3BhbiBmaWxsPSJyZ2JhKDI1NSwyNTUsMjU1LDAuNikiPk1heCBUaWNrOiA8L3RzcGFuPi0yNzYyNzA8L3RleHQ+PC9nPjxnIHN0eWxlPSJ0cmFuc2Zvcm06dHJhbnNsYXRlKDIyNnB4LCA0MzNweCkiPjxyZWN0IHdpZHRoPSIzNnB4IiBoZWlnaHQ9IjM2cHgiIHJ4PSI4cHgiIHJ5PSI4cHgiIGZpbGw9Im5vbmUiIHN0cm9rZT0icmdiYSgyNTUsMjU1LDI1NSwwLjIpIiAvPjxwYXRoIHN0cm9rZS1saW5lY2FwPSJyb3VuZCIgZD0iTTggOUM4LjAwMDA0IDIyLjk0OTQgMTYuMjA5OSAyOCAyNyAyOCIgZmlsbD0ibm9uZSIgc3Ryb2tlPSJ3aGl0ZSIgLz48Y2lyY2xlIHN0eWxlPSJ0cmFuc2Zvcm06dHJhbnNsYXRlM2QoOHB4LCA3cHgsIDBweCkiIGN4PSIwcHgiIGN5PSIwcHgiIHI9IjRweCIgZmlsbD0id2hpdGUiLz48L2c+PC9zdmc+										Uniswap - 0.05% - USDC/FRAX - 0.99442<>1.0054
Woodies is		woodiesnft.com/api					https://ipfs.io/ipfs/bafyreicyrm6jduvxcuy5ncleei6ngatjetxtvysyosom45qiatjutab3jy/metadata.json	10		0x134460d32fc66A6d84487C20DCD9fdcF92316017	https://www.woodiesnft.com/api/collectible/image-10		https://woodiesnft.com/woodie/10			value,trait_type					Woodie #10
Woodies is		woodiesnft.com/api					https://ipfs.io/ipfs/bafyreihdhipcofbbfqkpsdet2nqepkocfmajdppjn3bdwszxwbw2scbyum/metadata.json	100		0x134460d32fc66A6d84487C20DCD9fdcF92316017	https://www.woodiesnft.com/api/collectible/image-100		https://woodiesnft.com/woodie/100			value,trait_type					Woodie #100
Woodies is		woodiesnft.com/api					https://ipfs.io/ipfs/bafyreigymznnke4mswx3b2ucginzqvd56pqp6bktf2gpcs6b2wnqeuyxsq/metadata.json	1001		0x134460d32fc66A6d84487C20DCD9fdcF92316017	https://www.woodiesnft.com/api/collectible/image-1001		https://woodiesnft.com/woodie/1001			value,trait_type					Woodie #1001
								10003	8297	0xd80eeF7484c8fab1912A43E44a97774093007ab1	https://gateway.pinata.cloud/ipfs/QmNg3VrgQ4ruuTdVXsdNK2ga6mYQBfXpsicwA2swfH13AV		https://www.lazylionsnft.com/			value,trait_type					#10003
								10004	8298	0xd80eeF7484c8fab1912A43E44a97774093007ab1	https://gateway.pinata.cloud/ipfs/QmZ9ToE5CP7QbeawpnMsEiY5YGzf8AruiLcnmNZCPejntJ		https://www.lazylionsnft.com/			value,trait_type					#10004
								10014	8308	0xd80eeF7484c8fab1912A43E44a97774093007ab1	https://gateway.pinata.cloud/ipfs/QmYgzscAYijR4cwDGKADkpe3EbmmVfVZ4oVKKUFKjktqHd		https://www.lazylionsnft.com/			value,trait_type					#10014
GLICPIXXX 								10048		0x1C60841b70821dcA733c9B1a26dBe1a33338bD43	https://gateway.pinata.cloud/ipfs/QmUrpfYWxwmHQhYmFNQp54bhSYTw6bJAUX3QYPPP6WJwi2		https://glicpixxx.love/ver002/10048	glicpix_23_389.png	{'name': 'lightseagreen', 'distance': 6.08276253, 'hex': '#06b5b7', 'rgb': '6, 181, 183'}	value,trait_type	{'32': 'QmduG85oaajF44GLLj1iu18NMZoLcgnfpd8QqWoFzcS4ZR', '64': 'QmQiBKgRbwE5WvU9ajyDL9n8echJDkKvGZAaMKD5QQKWbK', '128': 'QmScwVfqNmDuYnWvM1d9jrK8FcozUo9k3VWdYHcfgQjNhz', '256': 'QmbD6jV6hvebxdQoiMgSPFojjQpv5Jp4ezRSeSyZzrNy6Y', '512': 'QmUrpfYWxwmHQhYmFNQp54bhSYTw6bJAUX3QYPPP6WJwi2', '1024': 'QmPnwzZpyFxb3LzLtcRE5jjZ326hSN7RY76yqno4QmP2wM'}	{'full': 'Cyan Sky (#00b5b8)', 'hex': '#00b5b8'}			GLICPIXXXVER002 #10048
GLICPIXXX 					glicpix_02_113.png, glicpix_21_364.png, glicpix_29_713.png, glicpix_33_203.png, glicpix_46_562.png, glicpix_07_298.png, glicpix_14_881.png, glicpix_22_723.png, glicpix_17_195.png, glicpix_30_953.png, glicpix_42_521.png, glicpix_12_399.png, glicpix_42_440.png, glicpix_21_630.png, glicpix_41_869.png, glicpix_29_633.png, glicpix_05_008.png, glicpix_11_803.png, glicpix_24_464.png, glicpix_08_258.png, glicpix_10_355.png, glicpix_25_762.png, glicpix_13_387.png, glicpix_31_791.png, glicpix_31_784.png, glicpix_07_241.png, glicpix_01_241.png, glicpix_18_067.png, glicpix_22_169.png, glicpix_22_498.png, glicpix_30_165.png, glicpix_41_346.png, glicpix_31_051.png, glicpix_07_777.png, glicpix_23_014.png, glicpix_36_956.png, glicpix_35_848.png, glicpix_32_488.png, glicpix_42_788.png, glicpix_17_192.png, glicpix_18_167.png	{'32': 'QmQ6xNWLg6Jqp9hUNEpWkgBd2QcVjbps2VJ8rvXpTcoPzP', '64': 'QmciS64LYFddyyyiWcM16AZyon96rY1HfcaFpqJbcxCWdj', '128': 'Qmd4sPgW4ogdVCBY2ZSzaWP5VvvaGbqMM3E2MhKodk1tnD', '256': 'QmTepPrjLGCFqWcMATZwf2SpquAxMiB1bqfP5r4z9qB9Cr', '512': 'Qmc4V67cpVgoZcdZVzFgREsi7icmQ5VXv9CAy8tyAk2Ch3', '1024': 'QmVUi1R4FyUQGpBchXcpifk9yhojUYzpSrV11xnSPUoEPF'}		10090		0x1C60841b70821dcA733c9B1a26dBe1a33338bD43	https://gateway.pinata.cloud/ipfs/Qmf7nURm9j5mmkjcqj835hBZEg9CvUF1LNevptHqFyqhBt		https://glicpixxx.love/ver002/10090	41-0911.gif		value,trait_type	{'32': 'QmbQqmEKV8q8eSYUQQCwV92e3KRT9pi9RHkX2uA8A1ELwh', '64': 'QmNief3w445JZKU2p9MET9svGcz3BDBBCEAJk8ujDtPRba', '128': 'QmR4ia6A1VqDnBNP9CV1y4UhFSzGHyKxgpycLgS1iWXjtm', '256': 'QmZyBqTj8dReht5rMv91spzVSZcBAAXteX6NSHNmSio4r2', '512': 'Qmf7nURm9j5mmkjcqj835hBZEg9CvUF1LNevptHqFyqhBt'}				GLICPIXXXVER002 #10090
GLICPIXXX 								10205		0x1C60841b70821dcA733c9B1a26dBe1a33338bD43	https://gateway.pinata.cloud/ipfs/QmPDG8iesHZ6F5TgrqjSYGpmMto5BWfHJd28HjVaqT1Tok		https://glicpixxx.love/ver002/10205	glicpix_47_494.png	{'name': 'mediumvioletred', 'distance': 7.874007874, 'hex': '#ab3f82', 'rgb': '171, 63, 130'}	value,trait_type	{'32': 'QmZcotHW1GRAQgNckoruaAANR8yobsbG5KTZy512VUA3XV', '64': 'QmP1z1ofYBb3TFahdKgXCkpWNWo7tLE1aFLWKpaWvEj6BX', '128': 'QmQ9ZuYQSRicv5dg1av6ja7Vpbvsh117f5aRs91Ho2AYiB', '256': 'QmTVtZLhHr9PWiyCcN2nnwBaQ4d9sWtCEMVtrJDYdmo7fL', '512': 'QmPDG8iesHZ6F5TgrqjSYGpmMto5BWfHJd28HjVaqT1Tok', '1024': 'QmbFsZyxLT1eU9SJ5kEN6eVtPphKuoTFsUjcB5mmt5eyQ8'}	{'full': 'Romantic Rose (#aa4488)', 'hex': '#aa4488'}			GLICPIXXXVER002 #10205
										0x163a7af239b409E79a32fC6b437Fda51dd8fa5F0	https://roaringleaders.io/api/images/Leader10.png					value,trait_type					Roaring Leader #10
										0x163a7af239b409E79a32fC6b437Fda51dd8fa5F0	https://roaringleaders.io/api/images/Leader10.png					value,trait_type					Roaring Leader #10
										0x163a7af239b409E79a32fC6b437Fda51dd8fa5F0	https://roaringleaders.io/api/images/Leader10.png					value,trait_type					Roaring Leader #10
Re-Genz is										0xAFd867667eC6D2Be5BdCd41D76Da7e96A1f67F18	https://ipfs.io/ipfs/QmeSdhGRuhqo2LNs6nxxk4RiLDGEhrz9pgB82QiiNU6v4K/1000.png		https://www.degenz.co/			value,trait_type					Re-Genz #1000
Re-Genz is										0xAFd867667eC6D2Be5BdCd41D76Da7e96A1f67F18	https://ipfs.io/ipfs/QmeSdhGRuhqo2LNs6nxxk4RiLDGEhrz9pgB82QiiNU6v4K/1002.png		https://www.degenz.co/			value,trait_type					Re-Genz #1002
Re-Genz is										0xAFd867667eC6D2Be5BdCd41D76Da7e96A1f67F18	https://ipfs.io/ipfs/QmeSdhGRuhqo2LNs6nxxk4RiLDGEhrz9pgB82QiiNU6v4K/1003.png		https://www.degenz.co/			value,trait_type					Re-Genz #1003
To celebra										0x8e0e35Eaf7eF42bD297E7E9C19aAF7849051BEec	https://gateway.pinata.cloud/ipfs/QmbKTyjwb5YRVEoomRWT1sN994vagcCn1BfGserzSuH7dk/media/0.png	https://gateway.pinata.cloud/ipfs/QmbKTyjwb5YRVEoomRWT1sN994vagcCn1BfGserzSuH7dk/media/0.mp4	https://merch.rekt.news			value,max_value,trait_type,display_type					RAT01 - Rekt Anniversary Ticket 01
In a post 										0xE22e1e620dffb03065CD77dB0162249c0c91bf01	https://gateway.pinata.cloud/ipfs/QmY7ZxeYkZ9biPMb4AZT67Viu5nTUsk72VAqiiRyYUPxL9/103.png					value,trait_type					#0
In a post 										0xE22e1e620dffb03065CD77dB0162249c0c91bf01	https://gateway.pinata.cloud/ipfs/QmY7ZxeYkZ9biPMb4AZT67Viu5nTUsk72VAqiiRyYUPxL9/2848.png					value,trait_type					#2848
In a post 										0xE22e1e620dffb03065CD77dB0162249c0c91bf01	https://gateway.pinata.cloud/ipfs/QmY7ZxeYkZ9biPMb4AZT67Viu5nTUsk72VAqiiRyYUPxL9/3695.gif					value,trait_type					#3695
								1007		0xE7191C896d59A9c39965E16C5184c44172Ec9CF9	http://www.metaarmy.net/soldiersofthemetaverse/tokens/1007.png					value,trait_type					Soldiers Of The Metaverse # 1007
								1009		0xE7191C896d59A9c39965E16C5184c44172Ec9CF9	https://www.metaarmy.net/soldiersofthemetaverse/tokens/1009.png					value,trait_type					Soldiers Of The Metaverse # 1009
								1040		0xE7191C896d59A9c39965E16C5184c44172Ec9CF9	http://www.metaarmy.net/soldiersofthemetaverse/tokens/1040.png					value,trait_type					Soldiers Of The Metaverse # 1040
										0x1D20A51F088492A0f1C57f047A9e30c9aB5C07Ea	https://arweave.net/ABckdetHKeV8VgUoIZ53TMDKkTi56LhTf-Gb1Mdqx9c/1000.png					value,trait_type					Wassie 1000
										0x1D20A51F088492A0f1C57f047A9e30c9aB5C07Ea	https://arweave.net/ABckdetHKeV8VgUoIZ53TMDKkTi56LhTf-Gb1Mdqx9c/10000.png					value,trait_type					Wassie 10000
										0x1D20A51F088492A0f1C57f047A9e30c9aB5C07Ea	https://arweave.net/ABckdetHKeV8VgUoIZ53TMDKkTi56LhTf-Gb1Mdqx9c/10000.png					value,trait_type					Wassie 10000
Cards is a										0x329Fd5E0d9aAd262b13CA07C87d001bec716ED39	data:image/svg+xml;base64,PHN2ZyB4bWxucz0naHR0cDovL3d3dy53My5vcmcvMjAwMC9zdmcnIHByZXNlcnZlQXNwZWN0UmF0aW89J3hNaW5ZTWluIG1lZXQnIHZpZXdCb3g9JzAgMCAzNTAgMzUwJz4gPHJlY3Qgd2lkdGg9JzM1MCcgaGVpZ2h0PSczNTAnIGZpbGw9J3VybCgjcGFpbnQwX2xpbmVhciknLz4gPHJlY3Qgd2lkdGg9JzMxOCcgaGVpZ2h0PSczMTgnIHRyYW5zZm9ybT0ndHJhbnNsYXRlKDE2IDE2KScgZmlsbD0nIzE2MTUwZicvPiA8dGV4dCBmaWxsPSd3aGl0ZScgeG1sOnNwYWNlPSdwcmVzZXJ2ZScgc3R5bGU9J3doaXRlLXNwYWNlOiBwcmU7JyBmb250LWZhbWlseT0nR2VvcmdpYScgZm9udC1zaXplPScxMicgZm9udC13ZWlnaHQ9J2JvbGQnIGxldHRlci1zcGFjaW5nPScwZW0nPjx0c3BhbiB4PSczMicgeT0nNjIuMTg2NSc+U1RBUlRFUiBERUNLPC90c3Bhbj48L3RleHQ+IDx0ZXh0IGZpbGw9JyNGMTkxMDAnIHhtbDpzcGFjZT0ncHJlc2VydmUnIHN0eWxlPSd3aGl0ZS1zcGFjZTogcHJlOycgZm9udC1mYW1pbHk9J0dlb3JnaWEnIGZvbnQtc2l6ZT0nMTYnIGZvbnQtd2VpZ2h0PSdib2xkJyBsZXR0ZXItc3BhY2luZz0nMC4xNmVtJz48dHNwYW4geD0nMzInIHk9JzQzLjU4Mic+NDUgQURWRU5UVVJFIENBUkRTPC90c3Bhbj48L3RleHQ+IDx0ZXh0IGZpbGw9J3doaXRlJyB4bWw6c3BhY2U9J3ByZXNlcnZlJyBzdHlsZT0nd2hpdGUtc3BhY2U6IHByZTsnIGZvbnQtZmFtaWx5PSdHZW9yZ2lhJyBmb250LXNpemU9JzEyJyBsZXR0ZXItc3BhY2luZz0nMGVtJz48dHNwYW4geD0nMzInIHk9JzkxJz5Ub21lPC90c3Bhbj48dHNwYW4geD0nMzInIHk9JzEwOSc+RWFnbGU8L3RzcGFuPjx0c3BhbiB4PSczMicgeT0nMTI3Jz5Ucm9sbDwvdHNwYW4+PHRzcGFuIHg9JzMyJyB5PScxNDUnPk1hZ2k8L3RzcGFuPjx0c3BhbiB4PSczMicgeT0nMTYzJz5GaXJlYnJlYXRoPC90c3Bhbj48dHNwYW4geD0nMzInIHk9JzE4MSc+U3RyZW5ndGg8L3RzcGFuPjx0c3BhbiB4PSczMicgeT0nMTk5Jz5XYXJsb2NrPC90c3Bhbj48dHNwYW4geD0nMzInIHk9JzIxNyc+TmVjcm8gUmluZzwvdHNwYW4+PHRzcGFuIHg9JzMyJyB5PScyMzUnPlBhbGFkaW48L3RzcGFuPjx0c3BhbiB4PSczMicgeT0nMjUzJz5Dcm93bjwvdHNwYW4+PHRzcGFuIHg9JzMyJyB5PScyNzEnPkJlcnNlcmtlcjwvdHNwYW4+PC90ZXh0PiA8dGV4dCBmaWxsPSd3aGl0ZScgeG1sOnNwYWNlPSdwcmVzZXJ2ZScgc3R5bGU9J3doaXRlLXNwYWNlOiBwcmU7JyBmb250LWZhbWlseT0nR2VvcmdpYScgZm9udC1zaXplPSc4JyBsZXR0ZXItc3BhY2luZz0nMGVtJz48dHNwYW4geD0nMzInIHk9JzMwOC4yOTEnPjM0IG90aGVyIGNhcmRzOiAyMyBtb25zdGVycywgNCBlbmNoYW50bWVudHMsNSBzcGVsbHMsIDMgYXJ0aWZhY3RzPC90c3Bhbj48L3RleHQ+PGRlZnM+IDxsaW5lYXJHcmFkaWVudCBpZD0ncGFpbnQwX2xpbmVhcicgeDE9JzE3NScgeTE9JzM1MCcgeDI9JzE3NScgeTI9JzAnIGdyYWRpZW50VW5pdHM9J3VzZXJTcGFjZU9uVXNlJz4gPHN0b3Agc3RvcC1jb2xvcj0nIzc0NDUwMCcvPiA8c3RvcCBvZmZzZXQ9JzEnIHN0b3AtY29sb3I9JyNENjgxMDMnLz4gPC9saW5lYXJHcmFkaWVudD4gPC9kZWZzPjwvc3ZnPg==	https://0xAdventures.com/animation/1001	https://0xAdventures.com/decks/1001								Adventure Cards #1001
Cards is a										0x329Fd5E0d9aAd262b13CA07C87d001bec716ED39	data:image/svg+xml;base64,PHN2ZyB4bWxucz0naHR0cDovL3d3dy53My5vcmcvMjAwMC9zdmcnIHByZXNlcnZlQXNwZWN0UmF0aW89J3hNaW5ZTWluIG1lZXQnIHZpZXdCb3g9JzAgMCAzNTAgMzUwJz4gPHJlY3Qgd2lkdGg9JzM1MCcgaGVpZ2h0PSczNTAnIGZpbGw9J3VybCgjcGFpbnQwX2xpbmVhciknLz4gPHJlY3Qgd2lkdGg9JzMxOCcgaGVpZ2h0PSczMTgnIHRyYW5zZm9ybT0ndHJhbnNsYXRlKDE2IDE2KScgZmlsbD0nIzE2MTUwZicvPiA8dGV4dCBmaWxsPSd3aGl0ZScgeG1sOnNwYWNlPSdwcmVzZXJ2ZScgc3R5bGU9J3doaXRlLXNwYWNlOiBwcmU7JyBmb250LWZhbWlseT0nR2VvcmdpYScgZm9udC1zaXplPScxMicgZm9udC13ZWlnaHQ9J2JvbGQnIGxldHRlci1zcGFjaW5nPScwZW0nPjx0c3BhbiB4PSczMicgeT0nNjIuMTg2NSc+U1RBUlRFUiBERUNLPC90c3Bhbj48L3RleHQ+IDx0ZXh0IGZpbGw9JyNGMTkxMDAnIHhtbDpzcGFjZT0ncHJlc2VydmUnIHN0eWxlPSd3aGl0ZS1zcGFjZTogcHJlOycgZm9udC1mYW1pbHk9J0dlb3JnaWEnIGZvbnQtc2l6ZT0nMTYnIGZvbnQtd2VpZ2h0PSdib2xkJyBsZXR0ZXItc3BhY2luZz0nMC4xNmVtJz48dHNwYW4geD0nMzInIHk9JzQzLjU4Mic+NDUgQURWRU5UVVJFIENBUkRTPC90c3Bhbj48L3RleHQ+IDx0ZXh0IGZpbGw9J3doaXRlJyB4bWw6c3BhY2U9J3ByZXNlcnZlJyBzdHlsZT0nd2hpdGUtc3BhY2U6IHByZTsnIGZvbnQtZmFtaWx5PSdHZW9yZ2lhJyBmb250LXNpemU9JzEyJyBsZXR0ZXItc3BhY2luZz0nMGVtJz48dHNwYW4geD0nMzInIHk9JzkxJz5TdHJlbmd0aDwvdHNwYW4+PHRzcGFuIHg9JzMyJyB5PScxMDknPkZyaWdpZCBCcmFjZXJzPC90c3Bhbj48dHNwYW4geD0nMzInIHk9JzEyNyc+T2JsaXZpb24gSW52ZXJ0PC90c3Bhbj48dHNwYW4geD0nMzInIHk9JzE0NSc+VHJvbGw8L3RzcGFuPjx0c3BhbiB4PSczMicgeT0nMTYzJz5DbGV2ZXIgU29sYXIgUmVhbmltYXRlPC90c3Bhbj48dHNwYW4geD0nMzInIHk9JzE4MSc+SW5zdGFudCBDYXRhY2x5c21pYyBTaHJpbms8L3RzcGFuPjx0c3BhbiB4PSczMicgeT0nMTk5Jz5MdW5hciBGaXJlYnJlYXRoPC90c3Bhbj48dHNwYW4geD0nMzInIHk9JzIxNyc+QnVybjwvdHNwYW4+PHRzcGFuIHg9JzMyJyB5PScyMzUnPkdsb29tIEdhbGU8L3RzcGFuPjx0c3BhbiB4PSczMicgeT0nMjUzJz5TaHJpbms8L3RzcGFuPjx0c3BhbiB4PSczMicgeT0nMjcxJz5IYXRlZnVsIFZvcnRleDwvdHNwYW4+PC90ZXh0PiA8dGV4dCBmaWxsPSd3aGl0ZScgeG1sOnNwYWNlPSdwcmVzZXJ2ZScgc3R5bGU9J3doaXRlLXNwYWNlOiBwcmU7JyBmb250LWZhbWlseT0nR2VvcmdpYScgZm9udC1zaXplPSc4JyBsZXR0ZXItc3BhY2luZz0nMGVtJz48dHNwYW4geD0nMzInIHk9JzMwOC4yOTEnPjM0IG90aGVyIGNhcmRzOiAyMCBtb25zdGVycywgNSBlbmNoYW50bWVudHMsNyBzcGVsbHMsIDMgYXJ0aWZhY3RzPC90c3Bhbj48L3RleHQ+PGRlZnM+IDxsaW5lYXJHcmFkaWVudCBpZD0ncGFpbnQwX2xpbmVhcicgeDE9JzE3NScgeTE9JzM1MCcgeDI9JzE3NScgeTI9JzAnIGdyYWRpZW50VW5pdHM9J3VzZXJTcGFjZU9uVXNlJz4gPHN0b3Agc3RvcC1jb2xvcj0nIzc0NDUwMCcvPiA8c3RvcCBvZmZzZXQ9JzEnIHN0b3AtY29sb3I9JyNENjgxMDMnLz4gPC9saW5lYXJHcmFkaWVudD4gPC9kZWZzPjwvc3ZnPg==	https://0xAdventures.com/animation/1007	https://0xAdventures.com/decks/1007								Adventure Cards #1007
Cards is a										0x329Fd5E0d9aAd262b13CA07C87d001bec716ED39	data:image/svg+xml;base64,PHN2ZyB4bWxucz0naHR0cDovL3d3dy53My5vcmcvMjAwMC9zdmcnIHByZXNlcnZlQXNwZWN0UmF0aW89J3hNaW5ZTWluIG1lZXQnIHZpZXdCb3g9JzAgMCAzNTAgMzUwJz4gPHJlY3Qgd2lkdGg9JzM1MCcgaGVpZ2h0PSczNTAnIGZpbGw9J3VybCgjcGFpbnQwX2xpbmVhciknLz4gPHJlY3Qgd2lkdGg9JzMxOCcgaGVpZ2h0PSczMTgnIHRyYW5zZm9ybT0ndHJhbnNsYXRlKDE2IDE2KScgZmlsbD0nIzE2MTUwZicvPiA8dGV4dCBmaWxsPSd3aGl0ZScgeG1sOnNwYWNlPSdwcmVzZXJ2ZScgc3R5bGU9J3doaXRlLXNwYWNlOiBwcmU7JyBmb250LWZhbWlseT0nR2VvcmdpYScgZm9udC1zaXplPScxMicgZm9udC13ZWlnaHQ9J2JvbGQnIGxldHRlci1zcGFjaW5nPScwZW0nPjx0c3BhbiB4PSczMicgeT0nNjIuMTg2NSc+U1RBUlRFUiBERUNLPC90c3Bhbj48L3RleHQ+IDx0ZXh0IGZpbGw9JyNGMTkxMDAnIHhtbDpzcGFjZT0ncHJlc2VydmUnIHN0eWxlPSd3aGl0ZS1zcGFjZTogcHJlOycgZm9udC1mYW1pbHk9J0dlb3JnaWEnIGZvbnQtc2l6ZT0nMTYnIGZvbnQtd2VpZ2h0PSdib2xkJyBsZXR0ZXItc3BhY2luZz0nMC4xNmVtJz48dHNwYW4geD0nMzInIHk9JzQzLjU4Mic+NDUgQURWRU5UVVJFIENBUkRTPC90c3Bhbj48L3RleHQ+IDx0ZXh0IGZpbGw9J3doaXRlJyB4bWw6c3BhY2U9J3ByZXNlcnZlJyBzdHlsZT0nd2hpdGUtc3BhY2U6IHByZTsnIGZvbnQtZmFtaWx5PSdHZW9yZ2lhJyBmb250LXNpemU9JzEyJyBsZXR0ZXItc3BhY2luZz0nMGVtJz48dHNwYW4geD0nMzInIHk9JzkxJz5aZWFsb3VzIExpZmUgU3R1bjwvdHNwYW4+PHRzcGFuIHg9JzMyJyB5PScxMDknPlNpZ2lsPC90c3Bhbj48dHNwYW4geD0nMzInIHk9JzEyNyc+U2tpbi1XYWxrZXI8L3RzcGFuPjx0c3BhbiB4PSczMicgeT0nMTQ1Jz5CZXJzZXJrZXI8L3RzcGFuPjx0c3BhbiB4PSczMicgeT0nMTYzJz5MaWZlIFJldml2ZTwvdHNwYW4+PHRzcGFuIHg9JzMyJyB5PScxODEnPlNwaWRlcjwvdHNwYW4+PHRzcGFuIHg9JzMyJyB5PScxOTknPkRhcmsgUm9ndWUgR3JpZmZpbjwvdHNwYW4+PHRzcGFuIHg9JzMyJyB5PScyMTcnPlNwaWRlcjwvdHNwYW4+PHRzcGFuIHg9JzMyJyB5PScyMzUnPkZyaWdpZCBHbG92ZXM8L3RzcGFuPjx0c3BhbiB4PSczMicgeT0nMjUzJz5Tbm93IE1vbmsgT3JjPC90c3Bhbj48dHNwYW4geD0nMzInIHk9JzI3MSc+TGlnaHQgRmlnaHRlciBHcmlmZmluPC90c3Bhbj48L3RleHQ+IDx0ZXh0IGZpbGw9J3doaXRlJyB4bWw6c3BhY2U9J3ByZXNlcnZlJyBzdHlsZT0nd2hpdGUtc3BhY2U6IHByZTsnIGZvbnQtZmFtaWx5PSdHZW9yZ2lhJyBmb250LXNpemU9JzgnIGxldHRlci1zcGFjaW5nPScwZW0nPjx0c3BhbiB4PSczMicgeT0nMzA4LjI5MSc+MzQgb3RoZXIgY2FyZHM6IDE2IG1vbnN0ZXJzLCA0IGVuY2hhbnRtZW50cywxMCBzcGVsbHMsIDUgYXJ0aWZhY3RzPC90c3Bhbj48L3RleHQ+PGRlZnM+IDxsaW5lYXJHcmFkaWVudCBpZD0ncGFpbnQwX2xpbmVhcicgeDE9JzE3NScgeTE9JzM1MCcgeDI9JzE3NScgeTI9JzAnIGdyYWRpZW50VW5pdHM9J3VzZXJTcGFjZU9uVXNlJz4gPHN0b3Agc3RvcC1jb2xvcj0nIzc0NDUwMCcvPiA8c3RvcCBvZmZzZXQ9JzEnIHN0b3AtY29sb3I9JyNENjgxMDMnLz4gPC9saW5lYXJHcmFkaWVudD4gPC9kZWZzPjwvc3ZnPg==	https://0xAdventures.com/animation/1017	https://0xAdventures.com/decks/1017								Adventure Cards #1017
your Alien										0x4581649aF66BCCAeE81eebaE3DDc0511FE4C5312	https://gateway.pinata.cloud/ipfs/QmfWxcdmX5KUc1iJiQYSyh6CiqXYeNdnNv9N8281KU2TRf					value,trait_type,display_type					Alien Boy 100
your Alien										0x4581649aF66BCCAeE81eebaE3DDc0511FE4C5312	https://gateway.pinata.cloud/ipfs/QmbYdAFYS3QbpQj1AobpRNXbWuNQ5uTzEae8T3KLvjgQ2E					value,trait_type,display_type					Alien Boy 1004
your Alien										0x4581649aF66BCCAeE81eebaE3DDc0511FE4C5312	https://gateway.pinata.cloud/ipfs/QmWziWrJCfFgVBKb94bKBEqXtJhz4PNGKNrsD4HNhevGeP					value,trait_type,display_type					Sir Probealot
The Knight	Knights of Degen									0xE3f92992BB4F0f0D173623A52b2922d65172601d	ipfs://QmdUiYGkYmA8PrWLoH4sGSXeAMkFjBGKDFdaPnwoGb4bpS/1001.png		https://knightsofdegen.io			value,trait_type					Knights of Degen #1001
The Knight	Knights of Degen									0xE3f92992BB4F0f0D173623A52b2922d65172601d	ipfs://QmdUiYGkYmA8PrWLoH4sGSXeAMkFjBGKDFdaPnwoGb4bpS/1006.png		https://knightsofdegen.io			value,trait_type					Knights of Degen #1006
The Knight	Knights of Degen									0xE3f92992BB4F0f0D173623A52b2922d65172601d	ipfs://QmdUiYGkYmA8PrWLoH4sGSXeAMkFjBGKDFdaPnwoGb4bpS/1006.png		https://knightsofdegen.io			value,trait_type					Knights of Degen #1006
